"Site","MPAStatus","Year","Month","Day","SkyConditions","TideHeight","TimeLowTide","WindAve","WindMax","Salinity","BRUV","StartLoc","StartTime","TimeRet","Depth","Visibility","Temp","Substrate","Macroalgae","Fish_Invert","DistShore","WaveHeight","WavePeriod","Microhabitat","Notes","Date","Analysis_Month","Red_Percent_Cover","Brown_Percent_Cover","Green_Percent_Cover","Seagrass_Percent_Cover","Numeric_Date","Season"
"Carmel","MPA",2020,7,11,"Sunny",0.2438,09:37:00,4.96,6.35,32,1,0,09:17:00,NA,2.13,4.57,12.5,"sand","ulva","biplicata",30,1,7,"flat",NA,2020-07-11,"Jul",0,4.16666666666667,0,0,7,"Summer"
"Carmel","MPA",2020,7,11,"Sunny",0.2438,09:37:00,4.96,6.35,32,2,50,09:20:00,NA,1.83,4.57,12.5,"sand",NA,NA,25,1,7,"flat",NA,2020-07-11,"Jul",0,0,0,4.16666666666667,7,"Summer"
"Carmel","MPA",2020,7,11,"Sunny",0.2438,09:37:00,4.96,6.35,32,3,50,09:22:00,NA,1.52,3.05,12.5,"sand","macro",NA,30,1,7,"flat",NA,2020-07-11,"Jul",0,0,0,0,7,"Summer"
"Carmel","MPA",2020,7,11,"Sunny",0.2438,09:37:00,4.96,6.35,32,4,50,09:23:00,NA,2.13,4.57,12.5,"sand",NA,NA,30,1,7,"flat",NA,2020-07-11,"Jul",0,0,0,0,7,"Summer"
"Carmel","MPA",2020,7,11,"Sunny",0.2438,09:37:00,4.96,6.35,32,5,50,09:24:00,NA,2.13,4.57,12.5,"sand",NA,NA,30,1,7,"flat",NA,2020-07-11,"Jul",0,0,0,0,7,"Summer"
"Carmel","MPA",2020,7,11,"Sunny",0.2438,09:37:00,4.96,6.35,32,6,50,09:28:00,NA,2.13,3.35,12.5,"sand",NA,NA,30,1,7,"flat",NA,2020-07-11,"Jul",0,0,0,0,7,"Summer"
"Spanish Bay","MPA",2020,7,16,"Cloudy",0.823,13:16:00,4.83,6.88,32,1,0,12:26:00,14:56:00,1.83,1.52,14,"sand",NA,NA,35,0.8,6,"flat",NA,2020-07-16,"Jul",0,8.33333333333333,0,4.16666666666667,7,"Summer"
"Spanish Bay","MPA",2020,7,16,"Cloudy",0.823,13:16:00,4.83,6.88,32,2,70,12:26:00,14:51:00,2.13,4.57,14,"sand","macro",NA,35,0.8,6,"flat",NA,2020-07-16,"Jul",0,0,0,0,7,"Summer"
"Spanish Bay","MPA",2020,7,16,"Cloudy",0.823,13:16:00,4.83,6.88,32,3,70,12:25:00,14:58:00,2.13,2.13,14,"sand","phyllospadix",NA,30,1,7,"flat",NA,2020-07-16,"Jul",0,4.16666666666667,0,0,7,"Summer"
"Spanish Bay","MPA",2020,7,16,"Cloudy",0.823,13:16:00,4.83,6.88,32,4,110,12:26:00,15:05:00,2.13,2.13,14,"sand","brown",NA,30,1,7,"flat",NA,2020-07-16,"Jul",0,0,0,4.16666666666667,7,"Summer"
"Spanish Bay","MPA",2020,7,16,"Cloudy",0.823,13:16:00,4.83,6.88,32,5,70,12:30:00,15:15:00,1.52,2.13,14,"sand",NA,NA,20,0.7,6,"flat",NA,2020-07-16,"Jul",0,4.16666666666667,0,6.25,7,"Summer"
"Spanish Bay","MPA",2020,7,16,"Cloudy",0.823,13:16:00,4.83,6.88,32,6,50,12:34:00,15:25:00,2.44,3.05,14,"sand","macro",NA,40,0.7,6,"flat",NA,2020-07-16,"Jul",12.5,4.16666666666667,0,20.8333333333333,7,"Summer"
"Stillwater Cove","Ref",2020,7,23,"Foggy",-0.2134,06:34:00,1.7,1.74,32,1,0,07:45:00,13:50:00,1.52,0.61,18,"sand",NA,NA,40,0.1,3,"flat",NA,2020-07-23,"Jul",27.7777777777778,10.4166666666667,0,0,7,"Summer"
"Stillwater Cove","Ref",2020,7,23,"Foggy",-0.2134,06:34:00,1.7,1.74,32,2,50,07:50:00,13:50:00,1.22,0.61,18,"sand","macro",NA,30,0.1,3,"flat",NA,2020-07-23,"Jul",16.6666666666667,33.3333333333333,0,4.16666666666667,7,"Summer"
"Stillwater Cove","Ref",2020,7,23,"Foggy",-0.2134,06:34:00,1.7,1.74,32,3,40,07:58:00,13:25:00,1.52,0.3,18,"sand","phyllospadix",NA,20,0.1,4,"flat",NA,2020-07-23,"Jul",66.6666666666667,41.6666666666667,25,0,7,"Summer"
"Stillwater Cove","Ref",2020,7,23,"Foggy",-0.2134,06:34:00,1.7,1.74,32,4,50,08:00:00,13:35:00,1.22,0.61,18,"boulder","phyllospadix",NA,40,0.1,4,"flat",NA,2020-07-23,"Jul",100,0,0,0,7,"Summer"
"Stillwater Cove","Ref",2020,7,23,"Foggy",-0.2134,06:34:00,1.7,1.74,32,5,50,07:56:00,13:30:00,1.52,0.61,18,"bedrock","egregia",NA,40,0.1,3,"flat","Harbor seal",2020-07-23,"Jul",19.4444444444444,0,0,36.1111111111111,7,"Summer"
"Stillwater Cove","Ref",2020,7,23,"Foggy",-0.2134,06:34:00,1.7,1.74,32,6,50,08:00:00,13:30:00,2.13,1.22,18,"sand","phyllospadix",NA,50,0.1,3,"flat",NA,2020-07-23,"Jul",43.75,0,0,61.1111111111111,7,"Summer"
"Carmel","Ref",2020,8,5,"Cloudy",0.1524,06:29:00,0,0,32,1,0,08:17:00,NA,1.52,2.13,14,"sand","red",NA,NA,2,9,"flat",NA,2020-08-05,"Aug",0,0,0,0,8,"Summer"
"Carmel","Ref",2020,8,5,"Cloudy",0.1524,06:29:00,0,0,32,2,50,08:17:00,NA,2.13,1.52,14,"sand","macro",NA,NA,2,9,"flat",NA,2020-08-05,"Aug",0,0,16.6666666666667,0,8,"Summer"
"Carmel","Ref",2020,8,5,"Cloudy",0.1524,06:29:00,0,0,32,3,50,08:16:00,NA,1.52,3.35,14,"sand","drift",NA,NA,2,11,"flat",NA,2020-08-05,"Aug",0,0,4.16666666666667,0,8,"Summer"
"Carmel","Ref",2020,8,5,"Cloudy",0.1524,06:29:00,0,0,32,4,50,08:11:00,NA,1.52,2.13,14,"sand","ulva",NA,NA,2,11,"flat",NA,2020-08-05,"Aug",0,8.33333333333333,0,0,8,"Summer"
"Carmel","Ref",2020,8,5,"Cloudy",0.1524,06:29:00,0,0,32,5,50,08:10:00,NA,1.83,3.66,14,"sand",NA,NA,NA,2,9,"flat",NA,2020-08-05,"Aug",8.33333333333333,0,0,0,8,"Summer"
"Carmel","Ref",2020,8,5,"Cloudy",0.1524,06:29:00,0,0,32,6,50,08:09:00,NA,2.44,2.44,14,"sand","macro","biplicata",NA,2,9,"flat",NA,2020-08-05,"Aug",4.16666666666667,0,0,0,8,"Summer"
"Spanish Bay","MPA",2020,8,15,"Clear",0.823,02:51:00,0,0,34,1,0,07:24:00,09:00:00,1.52,0.3,12,"sand",NA,NA,20,1.6,5,"flat",NA,2020-08-15,"Aug",0,8.33333333333333,0,0,8,"Summer"
"Spanish Bay","MPA",2020,8,15,"Clear",0.823,02:51:00,0,0,34,2,50,07:27:00,09:00:00,1.52,0.3,12,"sand",NA,NA,15,1.6,5,"flat",NA,2020-08-15,"Aug",0,4.16666666666667,0,0,8,"Summer"
"Spanish Bay","MPA",2020,8,15,"Clear",0.823,02:51:00,0,0,34,3,50,07:30:00,08:55:00,1.83,1.22,12,"sand","phyllospadix",NA,25,1.4,7,"flat",NA,2020-08-15,"Aug",0,6.94444444444444,0,0,8,"Summer"
"Spanish Bay","MPA",2020,8,15,"Clear",0.823,02:51:00,0,0,34,4,50,07:30:00,08:55:00,1.83,1.22,12,"sand",NA,NA,20,1.4,7,"flat",NA,2020-08-15,"Aug",0,0,0,0,8,"Summer"
"Spanish Bay","MPA",2020,8,15,"Clear",0.823,02:51:00,0,0,34,5,50,07:32:00,08:50:00,1.83,1.22,12,"sand","phyllospadix",NA,20,1.2,7,"flat",NA,2020-08-15,"Aug",0,4.16666666666667,0,0,8,"Summer"
"Spanish Bay","MPA",2020,8,15,"Clear",0.823,02:51:00,0,0,34,6,50,07:33:00,08:50:00,1.83,0.3,12,"sand","phyllospadix",NA,20,1.2,7,"flat",NA,2020-08-15,"Aug",0,4.16666666666667,0,8.33333333333333,8,"Summer"
"Stillwater Cove","Ref",2020,8,31,"Foggy",0.3962,04:14:00,1.03,1.48,33,1,0,07:00:00,NA,1.52,0.3,15,"sand",NA,NA,40,0.2,3,"flat",NA,2020-08-31,"Aug",0,0,0,0,8,"Summer"
"Stillwater Cove","Ref",2020,8,31,"Foggy",0.3962,04:14:00,1.03,1.48,33,2,50,07:01:00,NA,1.52,0.61,15,"bedrock","phyllospadix",NA,35,0.2,3,"flat",NA,2020-08-31,"Aug",0,0,25,23.6111111111111,8,"Summer"
"Stillwater Cove","Ref",2020,8,31,"Foggy",0.3962,04:14:00,1.03,1.48,33,3,50,07:05:00,NA,1.52,0.61,15,"sand","red",NA,30,0.2,4,"flat",NA,2020-08-31,"Aug",0,16.6666666666667,4.16666666666667,4.16666666666667,8,"Summer"
"Stillwater Cove","Ref",2020,8,31,"Foggy",0.3962,04:14:00,1.03,1.48,33,4,50,07:09:00,NA,1.83,0.91,15,"sand","egregia",NA,35,0.2,4,"flat",NA,2020-08-31,"Aug",4.16666666666667,93.0555555555556,0,8.33333333333333,8,"Summer"
"Stillwater Cove","Ref",2020,8,31,"Foggy",0.3962,04:14:00,1.03,1.48,33,5,50,07:13:00,NA,1.22,0.61,15,"sand","phyllospadix",NA,35,0.2,4,"flat",NA,2020-08-31,"Aug",11.1111111111111,68.0555555555556,0,0,8,"Summer"
"Stillwater Cove","Ref",2020,8,31,"Foggy",0.3962,04:14:00,1.03,1.48,33,6,50,07:11:00,NA,1.37,0.61,15,"sand","red",NA,30,0.2,4,"flat",NA,2020-08-31,"Aug",4.16666666666667,50,0,4.16666666666667,8,"Summer"
"Point Lobos","MPA",2020,9,2,"Foggy",0.701,05:21:00,0.67,1.03,34,1,0,08:34:00,NA,1.52,2.13,13.5,"pebble",NA,NA,10,0.2,7,"flat",NA,2020-09-02,"Aug",8.33333333333333,29.1666666666667,0,0,8,"Summer"
"Point Lobos","MPA",2020,9,2,"Foggy",0.701,05:21:00,0.67,1.03,34,2,50,08:35:00,NA,1.52,2.13,13.5,"pebble","red",NA,10,0.2,7,"flat",NA,2020-09-02,"Aug",0,0,0,0,8,"Summer"
"Point Lobos","MPA",2020,9,2,"Foggy",0.701,05:21:00,0.67,1.03,34,3,50,08:37:00,NA,1.68,2.13,13.5,"bedrock","drift",NA,10,0.2,6,"flat",NA,2020-09-02,"Aug",15.2777777777778,0,4.16666666666667,0,8,"Summer"
"Point Lobos","MPA",2020,9,2,"Foggy",0.701,05:21:00,0.67,1.03,34,4,50,08:38:00,NA,1.52,1.83,13.5,"pebble","red",NA,10,0.2,6,"flat",NA,2020-09-02,"Aug",0,0,0,0,8,"Summer"
"Point Lobos","MPA",2020,9,2,"Foggy",0.701,05:21:00,0.67,1.03,34,5,50,08:39:00,NA,1.83,2.13,13.5,"bedrock","red",NA,10,0.3,8,"flat",NA,2020-09-02,"Aug",12.5,0,0,0,8,"Summer"
"Point Lobos","MPA",2020,9,2,"Foggy",0.701,05:21:00,0.67,1.03,34,6,50,08:40:00,NA,1.52,0.61,13.5,"sand","drift",NA,10,0.3,8,"trough",NA,2020-09-02,"Aug",0,0,0,0,8,"Summer"
"Spanish Bay","MPA",2020,9,9,"Foggy",0.8839,08:54:00,0.89,1.16,36,1,0,07:56:00,10:08:00,1.52,0.3,13,"sand",NA,NA,20,1.5,5,"flat",NA,2020-09-09,"Sep",4.16666666666667,12.5,0,4.16666666666667,9,"Fall"
"Spanish Bay","MPA",2020,9,9,"Foggy",0.8839,08:54:00,0.89,1.16,36,2,35,08:01:00,10:09:00,2.13,0.61,13,"bedrock",NA,NA,20,1.5,5,"flat",NA,2020-09-09,"Sep",0,4.16666666666667,0,0,9,"Fall"
"Spanish Bay","MPA",2020,9,9,"Foggy",0.8839,08:54:00,0.89,1.16,36,3,65,08:04:00,10:10:00,1.68,1.52,13,"sand",NA,NA,15,2,6,"trough",NA,2020-09-09,"Sep",0,0,0,0,9,"Fall"
"Spanish Bay","MPA",2020,9,9,"Foggy",0.8839,08:54:00,0.89,1.16,36,4,50,08:07:00,10:10:00,2.13,1.22,13,"sand",NA,NA,30,2,6,"flat",NA,2020-09-09,"Sep",0,4.16666666666667,0,0,9,"Fall"
"Spanish Bay","MPA",2020,9,9,"Foggy",0.8839,08:54:00,0.89,1.16,36,5,50,08:07:00,10:11:00,3.05,1.83,13,"sand",NA,NA,40,1.8,6,"flat",NA,2020-09-09,"Sep",0,0,0,4.16666666666667,9,"Fall"
"Spanish Bay","MPA",2020,9,9,"Foggy",0.8839,08:54:00,0.89,1.16,36,6,50,08:10:00,10:12:00,1.68,1.22,13,"sand",NA,NA,15,1.8,6,"trough",NA,2020-09-09,"Sep",0,4.16666666666667,0,0,9,"Fall"
"Point Lobos","MPA",2020,9,21,"Foggy",0.6706,07:24:00,0.36,0.98,36,1,0,08:47:00,NA,1.83,1.22,13,"bedrock",NA,NA,10,0.2,7,"flat",NA,2020-09-21,"Sep",0,41.6666666666667,8.33333333333333,8.33333333333333,9,"Fall"
"Point Lobos","MPA",2020,9,21,"Foggy",0.6706,07:24:00,0.36,0.98,36,2,50,08:48:00,NA,1.83,1.52,13,"pebble",NA,NA,10,0.2,7,"flat",NA,2020-09-21,"Sep",9.72222222222222,4.16666666666667,0,8.33333333333333,9,"Fall"
"Point Lobos","MPA",2020,9,21,"Foggy",0.6706,07:24:00,0.36,0.98,36,3,50,08:48:00,NA,1.83,1.83,13,"pebble",NA,NA,10,0.2,10,"flat",NA,2020-09-21,"Sep",6.25,6.25,16.6666666666667,0,9,"Fall"
"Point Lobos","MPA",2020,9,21,"Foggy",0.6706,07:24:00,0.36,0.98,36,4,50,08:50:00,NA,1.83,1.22,13,"pebble",NA,NA,10,0.2,10,"flat",NA,2020-09-21,"Sep",14.5833333333333,20.8333333333333,0,4.16666666666667,9,"Fall"
"Point Lobos","MPA",2020,9,21,"Foggy",0.6706,07:24:00,0.36,0.98,36,5,50,08:55:00,NA,1.83,0.91,13,"pebble",NA,NA,10,0.2,9,"flat",NA,2020-09-21,"Sep",4.16666666666667,13.8888888888889,13.8888888888889,8.33333333333333,9,"Fall"
"Point Lobos","MPA",2020,9,21,"Foggy",0.6706,07:24:00,0.36,0.98,36,6,50,08:55:00,NA,1.83,0.91,13,"sand",NA,NA,10,0.2,9,"trough",NA,2020-09-21,"Sep",4.16666666666667,4.16666666666667,0,0,9,"Fall"
"Carmel","Ref",2020,10,9,"Partly cloudy",1.0973,09:34:00,0,0.22,37,1,0,07:39:00,NA,2.13,3.05,12.5,"sand","drift",NA,30,2,11,"trough",NA,2020-10-09,"Oct",0,8.33333333333333,0,0,10,"Fall"
"Carmel","Ref",2020,10,9,"Partly cloudy",1.0973,09:34:00,0,0.22,37,2,30,07:47:00,NA,1.83,3.05,12.5,"sand",NA,NA,40,2,11,"trough",NA,2020-10-09,"Oct",0,0,0,0,10,"Fall"
"Carmel","Ref",2020,10,9,"Partly cloudy",1.0973,09:34:00,0,0.22,37,3,50,07:49:00,NA,2.44,4.57,12.5,"sand",NA,NA,30,2,12,"trough",NA,2020-10-09,"Oct",0,4.16666666666667,0,0,10,"Fall"
"Carmel","Ref",2020,10,9,"Partly cloudy",1.0973,09:34:00,0,0.22,37,4,50,07:49:00,NA,2.13,6.1,12.5,"sand","drift",NA,20,2,12,"flat",NA,2020-10-09,"Oct",0,0,0,0,10,"Fall"
"Carmel","Ref",2020,10,9,"Partly cloudy",1.0973,09:34:00,0,0.22,37,5,60,07:52:00,NA,2.13,6.1,12.5,"sand","drift",NA,20,2,13,"trough",NA,2020-10-09,"Oct",0,4.16666666666667,0,0,10,"Fall"
"Carmel","Ref",2020,10,9,"Partly cloudy",1.0973,09:34:00,0,0.22,37,6,50,07:54:00,NA,2.13,6.1,12.5,"sand","drift","mollusc",20,2,13,"flat",NA,2020-10-09,"Oct",0,0,0,0,10,"Fall"
"Stillwater Cove","Ref",2020,10,10,"Clear",1.0363,11:16:00,1.48,2.1,34,1,0,11:50:00,NA,1.52,0.61,13,"sand",NA,NA,30,0.2,12,"flat",NA,2020-10-10,"Oct",0,0,0,0,10,"Fall"
"Stillwater Cove","Ref",2020,10,10,"Clear",1.0363,11:16:00,1.48,2.1,34,2,40,11:52:00,NA,1.52,0.61,13,"sand","red",NA,30,0.2,12,"flat",NA,2020-10-10,"Oct",0,0,0,0,10,"Fall"
"Stillwater Cove","Ref",2020,10,10,"Clear",1.0363,11:16:00,1.48,2.1,34,3,30,11:55:00,NA,1.52,0.3,13,"bedrock","drift",NA,20,0.1,10,"flat",NA,2020-10-10,"Oct",29.1666666666667,27.0833333333333,8.33333333333333,0,10,"Fall"
"Stillwater Cove","Ref",2020,10,10,"Clear",1.0363,11:16:00,1.48,2.1,34,4,100,12:00:00,NA,1.83,0.3,13,"sand","phyllospadix",NA,40,0.1,10,"flat",NA,2020-10-10,"Oct",43.0555555555556,100,0,0,10,"Fall"
"Stillwater Cove","Ref",2020,10,10,"Clear",1.0363,11:16:00,1.48,2.1,34,5,-50,11:58:00,NA,1.52,0.61,13,"sand",NA,NA,20,0.2,8,"flat","other side of the pier",2020-10-10,"Oct",0,4.16666666666667,0,0,10,"Fall"
"Stillwater Cove","Ref",2020,10,10,"Clear",1.0363,11:16:00,1.48,2.1,34,6,50,12:02:00,NA,1.52,0.3,13,"sand","egregia",NA,20,0.2,8,"flat",NA,2020-10-10,"Oct",0,0,0,0,10,"Fall"
"Point Lobos","MPA",2020,10,30,"Clear",0.6096,16:45:00,1.65,4.11,37,1,0,14:17:00,15:35:00,3.05,4.57,15,"sand","macro",NA,25,0.1,7,"flat",NA,2020-10-30,"Oct",15.2777777777778,44.4444444444444,0,0,10,"Fall"
"Point Lobos","MPA",2020,10,30,"Clear",0.6096,16:45:00,1.65,4.11,37,2,50,14:18:00,15:36:00,2.74,3.35,15,"sand","red",NA,15,0.1,7,"flat",NA,2020-10-30,"Oct",30.5555555555556,51.3888888888889,0,0,10,"Fall"
"Point Lobos","MPA",2020,10,30,"Clear",0.6096,16:45:00,1.65,4.11,37,3,50,14:19:00,15:37:00,3.05,4.57,15,"pebble",NA,NA,15,0.1,7,"flat",NA,2020-10-30,"Oct",0,0,0,0,10,"Fall"
"Point Lobos","MPA",2020,10,30,"Clear",0.6096,16:45:00,1.65,4.11,37,4,50,14:19:00,15:38:00,2.44,4.57,15,"pebble","red",NA,15,0.1,7,"trough",NA,2020-10-30,"Oct",18.0555555555556,9.72222222222222,0,0,10,"Fall"
"Point Lobos","MPA",2020,10,30,"Clear",0.6096,16:45:00,1.65,4.11,37,5,50,14:21:00,15:39:00,2.44,3.35,15,"sand","red",NA,15,0.1,6,"ripples",NA,2020-10-30,"Oct",16.6666666666667,12.5,0,23.6111111111111,10,"Fall"
"Point Lobos","MPA",2020,10,30,"Clear",0.6096,16:45:00,1.65,4.11,37,6,50,14:23:00,15:40:00,2.44,4.57,15,"sand","red",NA,15,0.1,6,"flat",NA,2020-10-30,"Oct",22.2222222222222,4.16666666666667,0,4.16666666666667,10,"Fall"
"Point Lobos","MPA",2020,12,2,"Partly cloudy",0.6706,16:14:00,4.69,6.48,35,1,0,14:16:00,NA,2.13,0.61,13,"sand",NA,NA,20,1,NA,"flat",NA,2020-12-02,"Nov",15.2777777777778,8.33333333333333,0,0,11,"Fall"
"Point Lobos","MPA",2020,12,2,"Partly cloudy",0.6706,16:14:00,4.69,6.48,35,2,25,14:20:00,NA,1.83,0.61,13,"sand",NA,NA,15,1,NA,"flat",NA,2020-12-02,"Nov",25,40.2777777777778,0,0,11,"Fall"
"Point Lobos","MPA",2020,12,2,"Partly cloudy",0.6706,16:14:00,4.69,6.48,35,3,25,14:24:00,NA,1.83,0.91,13,"sand","red",NA,10,1,NA,"flat",NA,2020-12-02,"Nov",0,4.16666666666667,0,0,11,"Fall"
"Point Lobos","MPA",2020,12,2,"Partly cloudy",0.6706,16:14:00,4.69,6.48,35,4,25,14:26:00,NA,1.83,0.91,13,"sand",NA,NA,10,1,NA,"flat",NA,2020-12-02,"Nov",0,100,0,0,11,"Fall"
"Point Lobos","MPA",2020,12,2,"Partly cloudy",0.6706,16:14:00,4.69,6.48,35,5,30,14:28:00,NA,1.83,1.22,13,"sand","macro",NA,10,1,NA,"flat",NA,2020-12-02,"Nov",81.25,58.3333333333333,0,0,11,"Fall"
"Point Lobos","MPA",2020,12,2,"Partly cloudy",0.6706,16:14:00,4.69,6.48,35,6,30,14:31:00,NA,2.13,1.22,13,"sand",NA,NA,15,1,NA,"flat",NA,2020-12-02,"Nov",4.16666666666667,4.16666666666667,0,4.16666666666667,11,"Fall"
"Carmel","Ref",2020,12,12,"Foggy",-0.1219,13:57:00,0.22,0.45,35,1,0,13:37:00,15:10:00,1.52,3.05,12.5,"sand","drift",NA,40,2.2,11,"trough",NA,2020-12-12,"Dec",0,9.72222222222222,0,0,12,"Winter"
"Carmel","Ref",2020,12,12,"Foggy",-0.1219,13:57:00,0.22,0.45,35,2,50,13:53:00,15:15:00,1.52,3.05,12.5,"sand",NA,NA,40,2.2,11,"trough",NA,2020-12-12,"Dec",83.3333333333333,9.72222222222222,0,0,12,"Winter"
"Carmel","Ref",2020,12,12,"Foggy",-0.1219,13:57:00,0.22,0.45,35,3,50,14:00:00,15:30:00,1.83,0.91,12.5,"sand","drift",NA,50,2.2,11,"trough",NA,2020-12-12,"Dec",36.1111111111111,6.25,0,8.33333333333333,12,"Winter"
"Carmel","Ref",2020,12,12,"Foggy",-0.1219,13:57:00,0.22,0.45,35,4,50,14:11:00,15:35:00,2.44,3.05,12.5,"sand",NA,NA,45,2.2,11,"trough",NA,2020-12-12,"Dec",8.33333333333333,4.16666666666667,0,0,12,"Winter"
"Carmel","Ref",2020,12,12,"Foggy",-0.1219,13:57:00,0.22,0.45,35,5,40,14:20:00,15:40:00,1.83,3.05,12.5,"sand",NA,NA,40,2.2,11,"flat",NA,2020-12-12,"Dec",4.16666666666667,8.33333333333333,0,0,12,"Winter"
"Carmel","Ref",2020,12,12,"Foggy",-0.1219,13:57:00,0.22,0.45,35,6,40,14:27:00,15:45:00,1.52,3.05,12.5,"sand",NA,NA,35,2.2,11,"flat",NA,2020-12-12,"Dec",0,4.16666666666667,0,4.16666666666667,12,"Winter"
"Stillwater Cove","Ref",2020,12,6,"Clear",1.0668,08:57:00,0.85,1.61,35,1,-50,08:40:00,10:17:00,1.22,1.52,10.5,"sand",NA,NA,20,0.2,8,"flat","other side of the pier",2020-12-06,"Nov",14.5833333333333,8.33333333333333,8.33333333333333,0,11,"Fall"
"Stillwater Cove","Ref",2020,12,6,"Clear",1.0668,08:57:00,0.85,1.61,35,2,0,08:40:00,NA,1.52,1.52,10.5,"sand","red",NA,20,0.2,8,"flat","surrounded by rocks",2020-12-06,"Nov",0,22.2222222222222,4.16666666666667,0,11,"Fall"
"Stillwater Cove","Ref",2020,12,6,"Clear",1.0668,08:57:00,0.85,1.61,35,3,30,08:45:00,NA,1.22,0.61,10.5,"sand",NA,NA,20,0.2,8,"flat",NA,2020-12-06,"Nov",58.3333333333333,29.1666666666667,0,0,11,"Fall"
"Stillwater Cove","Ref",2020,12,6,"Clear",1.0668,08:57:00,0.85,1.61,35,4,30,08:45:00,NA,1.22,0.61,10.5,"bedrock",NA,NA,20,0.2,8,"flat",NA,2020-12-06,"Nov",6.25,13.8888888888889,0,8.33333333333333,11,"Fall"
"Stillwater Cove","Ref",2020,12,6,"Clear",1.0668,08:57:00,0.85,1.61,35,5,30,08:50:00,NA,1.22,0.61,10.5,"sand","drift",NA,20,0.2,8,"flat",NA,2020-12-06,"Nov",84.7222222222222,22.9166666666667,0,0,11,"Fall"
"Stillwater Cove","Ref",2020,12,6,"Clear",1.0668,08:57:00,0.85,1.61,35,6,30,08:50:00,10:20:00,1.22,0.61,10.5,"sand","drift",NA,20,0.2,8,"flat",NA,2020-12-06,"Nov",19.4444444444444,4.16666666666667,0,4.16666666666667,11,"Fall"
"Spanish Bay","MPA",2020,12,13,"Misting",0.6401,14:45:00,2.46,4.47,35,1,0,12:20:00,13:35:00,1.68,3.05,11,"sand","macro",NA,75,1.8,11,"flat",NA,2020-12-13,"Dec",6.94444444444444,58.3333333333333,0,8.33333333333333,12,"Winter"
"Spanish Bay","MPA",2020,12,13,"Misting",0.6401,14:45:00,2.46,4.47,35,2,50,12:20:00,13:35:00,1.22,3.05,11,"sand","nereo",NA,75,1.8,11,"trough",NA,2020-12-13,"Dec",0,0,0,0,12,"Winter"
"Spanish Bay","MPA",2020,12,13,"Misting",0.6401,14:45:00,2.46,4.47,35,3,60,12:30:00,13:45:00,1.22,3.05,11,"sand",NA,NA,75,1.8,11,"trough",NA,2020-12-13,"Dec",0,0,0,0,12,"Winter"
"Spanish Bay","MPA",2020,12,13,"Misting",0.6401,14:45:00,2.46,4.47,35,4,50,12:33:00,13:45:00,1.22,3.05,11,"sand",NA,NA,70,1.8,11,"trough",NA,2020-12-13,"Dec",0,0,0,0,12,"Winter"
"Spanish Bay","MPA",2020,12,13,"Misting",0.6401,14:45:00,2.46,4.47,35,5,50,12:44:00,13:57:00,1.37,3.05,11,"sand",NA,NA,75,1.8,11,"trough",NA,2020-12-13,"Dec",4.16666666666667,4.16666666666667,0,5.55555555555556,12,"Winter"
"Spanish Bay","MPA",2020,12,13,"Misting",0.6401,14:45:00,2.46,4.47,35,6,50,12:44:00,13:57:00,1.52,3.05,11,"sand","drift",NA,75,1.8,11,"trough",NA,2020-12-13,"Dec",4.16666666666667,8.33333333333333,0,8.33333333333333,12,"Winter"
"Stillwater Cove","Ref",2020,12,16,"Clear",1.585,03:30:00,0.49,0.94,36,1,0,08:00:00,NA,1.52,0.91,12,"cobble",NA,NA,10,1.5,6,"flat",NA,2020-12-16,"Dec",6.94444444444444,75,0,0,12,"Winter"
"Stillwater Cove","Ref",2020,12,16,"Clear",1.585,03:30:00,0.49,0.94,36,2,40,08:05:00,NA,1.52,0.91,12,"sand",NA,NA,10,1.5,6,"flat",NA,2020-12-16,"Dec",29.1666666666667,6.25,0,0,12,"Winter"
"Stillwater Cove","Ref",2020,12,16,"Clear",1.585,03:30:00,0.49,0.94,36,3,30,08:07:00,NA,1.52,0.61,12,"cobble",NA,NA,10,1.5,6,"flat",NA,2020-12-16,"Dec",4.16666666666667,5.55555555555556,0,4.16666666666667,12,"Winter"
"Stillwater Cove","Ref",2020,12,16,"Clear",1.585,03:30:00,0.49,0.94,36,4,30,08:09:00,NA,1.52,0.61,12,"cobble",NA,NA,10,1.5,6,"flat",NA,2020-12-16,"Dec",0,0,0,0,12,"Winter"
"Stillwater Cove","Ref",2020,12,16,"Clear",1.585,03:30:00,0.49,0.94,36,5,30,08:11:00,NA,1.52,0.3,12,"sand",NA,NA,10,1.5,6,"flat",NA,2020-12-16,"Dec",15.2777777777778,5.55555555555556,0,0,12,"Winter"
"Stillwater Cove","Ref",2020,12,16,"Clear",1.585,03:30:00,0.49,0.94,36,6,30,08:14:00,NA,1.52,0.3,12,"cobble",NA,NA,10,1.5,6,"flat",NA,2020-12-16,"Dec",93.75,12.5,0,0,12,"Winter"
"Point Lobos","MPA",2020,12,18,"Clear",1.4021,04:40:00,1.56,1.92,35,1,0,08:35:00,09:45:00,2.44,0.61,11,"coarse sand",NA,NA,10,1.5,6,"flat",NA,2020-12-18,"Dec",12.5,0,0,0,12,"Winter"
"Point Lobos","MPA",2020,12,18,"Clear",1.4021,04:40:00,1.56,1.92,35,2,40,08:38:00,NA,2.13,0.61,11,"sand",NA,NA,10,1.5,6,"flat",NA,2020-12-18,"Dec",6.25,0,0,4.16666666666667,12,"Winter"
"Point Lobos","MPA",2020,12,18,"Clear",1.4021,04:40:00,1.56,1.92,35,3,40,08:40:00,NA,2.13,0.61,11,"sand",NA,NA,10,1.5,6,"flat",NA,2020-12-18,"Dec",10.4166666666667,25,0,4.16666666666667,12,"Winter"
"Point Lobos","MPA",2020,12,18,"Clear",1.4021,04:40:00,1.56,1.92,35,4,40,08:43:00,NA,2.44,0.3,11,"sand","drift",NA,10,1.5,6,"flat",NA,2020-12-18,"Dec",6.94444444444444,86.1111111111111,0,54.1666666666667,12,"Winter"
"Point Lobos","MPA",2020,12,18,"Clear",1.4021,04:40:00,1.56,1.92,35,5,40,08:45:00,NA,2.13,0.3,11,"bedrock","drift",NA,10,1.5,6,"flat",NA,2020-12-18,"Dec",19.4444444444444,8.33333333333333,0,0,12,"Winter"
"Point Lobos","MPA",2020,12,18,"Clear",1.4021,04:40:00,1.56,1.92,35,6,40,08:50:00,10:09:00,1.83,0.3,11,"bedrock","drift",NA,10,1.5,6,"slope",NA,2020-12-18,"Dec",0,0,0,0,12,"Winter"
"Spanish Bay","MPA",2021,1,22,"Partly cloudy",1.1583,12:01:00,0,0,33,1,0,07:50:00,NA,1.52,0.61,11,"sand",NA,NA,20,2,11,"flat",NA,2021-01-22,"Jan",0,0,0,4.16666666666667,1,"Winter"
"Spanish Bay","MPA",2021,1,22,"Partly cloudy",1.1583,12:01:00,0,0,33,2,20,07:58:00,NA,2.44,0.91,11,"sand",NA,NA,30,2,11,"flat",NA,2021-01-22,"Jan",0,0,0,0,1,"Winter"
"Spanish Bay","MPA",2021,1,22,"Partly cloudy",1.1583,12:01:00,0,0,33,3,30,08:00:00,NA,2.13,1.37,11,"sand",NA,NA,30,2,11,"flat",NA,2021-01-22,"Jan",0,0,0,4.16666666666667,1,"Winter"
"Spanish Bay","MPA",2021,1,22,"Partly cloudy",1.1583,12:01:00,0,0,33,4,30,08:10:00,NA,2.44,1.83,11,"sand",NA,NA,40,2,11,"trough",NA,2021-01-22,"Jan",0,0,0,0,1,"Winter"
"Spanish Bay","MPA",2021,1,22,"Partly cloudy",1.1583,12:01:00,0,0,33,5,10,08:12:00,NA,2.13,0.91,11,"sand",NA,NA,40,2,11,"flat",NA,2021-01-22,"Jan",0,0,0,0,1,"Winter"
"Spanish Bay","MPA",2021,1,22,"Partly cloudy",1.1583,12:01:00,0,0,33,6,40,08:20:00,NA,2.44,1.83,11,"sand",NA,NA,50,2,11,"crest",NA,2021-01-22,"Jan",0,0,0,0,1,"Winter"
"Carmel","Ref",2021,1,30,"Cloudy",0.4572,18:08:00,0.89,1.39,35,1,0,15:00:00,NA,1.52,1.22,11,"sand",NA,NA,90,2,12,"flat",NA,2021-01-30,"Jan",0,4.16666666666667,0,4.16666666666667,1,"Winter"
"Carmel","Ref",2021,1,30,"Cloudy",0.4572,18:08:00,0.89,1.39,35,2,50,15:20:00,NA,1.83,1.22,11,"sand",NA,NA,100,2,12,"flat",NA,2021-01-30,"Jan",0,4.16666666666667,0,0,1,"Winter"
"Carmel","Ref",2021,1,30,"Cloudy",0.4572,18:08:00,0.89,1.39,35,3,50,15:20:00,NA,1.83,0.91,11,"sand",NA,NA,100,2,12,"trough",NA,2021-01-30,"Jan",0,4.16666666666667,0,0,1,"Winter"
"Carmel","Ref",2021,1,30,"Cloudy",0.4572,18:08:00,0.89,1.39,35,4,50,15:30:00,NA,1.83,1.22,11,"sand",NA,NA,100,2,12,"flat",NA,2021-01-30,"Jan",0,0,0,0,1,"Winter"
"Carmel","Ref",2021,1,30,"Cloudy",0.4572,18:08:00,0.89,1.39,35,5,50,15:30:00,NA,1.52,0.91,11,"sand",NA,NA,100,2,12,"flat",NA,2021-01-30,"Jan",0,0,0,4.16666666666667,1,"Winter"
"Carmel","Ref",2021,1,30,"Cloudy",0.4572,18:08:00,0.89,1.39,35,6,50,15:40:00,NA,1.83,1.22,11,"sand",NA,NA,100,2,12,"flat",NA,2021-01-30,"Jan",0,0,0,4.16666666666667,1,"Winter"
"Spanish Bay","MPA",2021,2,10,"Clear",-0.2438,15:55:00,0.89,1.07,35,1,0,14:50:00,NA,1.52,3.05,9,"sand","pterry",NA,120,1.5,7,"flat",NA,2021-02-10,"Feb",0,4.16666666666667,0,0,2,"Winter"
"Spanish Bay","MPA",2021,2,10,"Clear",-0.2438,15:55:00,0.89,1.07,35,2,40,NA,NA,1.52,3.05,9,"sand",NA,NA,110,1.5,7,"flat",NA,2021-02-10,"Feb",0,8.33333333333333,0,5.55555555555556,2,"Winter"
"Spanish Bay","MPA",2021,2,10,"Clear",-0.2438,15:55:00,0.89,1.07,35,3,30,NA,NA,1.22,3.05,9,"sand",NA,NA,110,1.5,7,"flat",NA,2021-02-10,"Feb",0,0,0,6.25,2,"Winter"
"Spanish Bay","MPA",2021,2,10,"Clear",-0.2438,15:55:00,0.89,1.07,35,4,60,NA,NA,1.52,3.05,9,"sand",NA,NA,100,1.5,7,"flat",NA,2021-02-10,"Feb",12.5,12.5,0,0,2,"Winter"
"Spanish Bay","MPA",2021,2,10,"Clear",-0.2438,15:55:00,0.89,1.07,35,5,30,NA,NA,1.22,3.05,9,"sand",NA,NA,130,1.5,7,"flat",NA,2021-02-10,"Feb",0,4.16666666666667,0,6.25,2,"Winter"
"Spanish Bay","MPA",2021,2,10,"Clear",-0.2438,15:55:00,0.89,1.07,35,6,30,15:20:00,NA,1.22,3.05,9,"sand",NA,NA,130,1.5,7,"flat",NA,2021-02-10,"Feb",0,0,0,6.94444444444444,2,"Winter"
"Point Lobos","MPA",2021,2,8,"Cloudy",-0.3048,13:42:00,1.56,NA,35,1,0,14:04:00,NA,2.44,3.05,9,"sand","macro",NA,10,1.2,10,"trough",NA,2021-02-08,"Jan",0,29.1666666666667,0,0,1,"Winter"
"Point Lobos","MPA",2021,2,8,"Cloudy",-0.3048,13:42:00,1.56,NA,35,2,50,14:09:00,NA,1.83,1.52,9,"sand",NA,NA,5,1.2,10,"flat",NA,2021-02-08,"Jan",0,0,0,0,1,"Winter"
"Point Lobos","MPA",2021,2,8,"Cloudy",-0.3048,13:42:00,1.56,NA,35,3,50,14:11:00,NA,1.52,1.52,9,"bedrock","phyllospadix",NA,10,1.2,10,"flat",NA,2021-02-08,"Jan",6.25,8.33333333333333,0,87.5,1,"Winter"
"Point Lobos","MPA",2021,2,8,"Cloudy",-0.3048,13:42:00,1.56,NA,35,4,50,14:16:00,NA,2.13,1.83,9,"sand","nereo",NA,NA,1.2,10,"flat",NA,2021-02-08,"Jan",0,27.0833333333333,0,4.16666666666667,1,"Winter"
"Point Lobos","MPA",2021,2,8,"Cloudy",-0.3048,13:42:00,1.56,NA,35,5,50,14:19:00,NA,1.52,1.52,9,"bedrock","phyllospadix",NA,NA,1.2,10,"trough",NA,2021-02-08,"Jan",0,4.16666666666667,0,5.55555555555556,1,"Winter"
"Point Lobos","MPA",2021,2,8,"Cloudy",-0.3048,13:42:00,1.56,NA,35,6,50,14:22:00,NA,1.22,1.22,9,"bedrock","macro","black surfperch",NA,1.2,10,"flat",NA,2021-02-08,"Jan",4.16666666666667,8.33333333333333,0,0,1,"Winter"
"Stillwater Cove","Ref",2021,1,24,"Cloudy",0.4572,14:17:00,0.67,1.16,37,1,-30,11:35:00,NA,1.52,2.44,10,"sand",NA,NA,50,0.2,11,"flat",NA,2021-01-24,"Jan",0,0,0,0,1,"Winter"
"Stillwater Cove","Ref",2021,1,24,"Cloudy",0.4572,14:17:00,0.67,1.16,37,2,0,11:35:00,NA,1.52,1.22,10,"sand","macro",NA,40,0.2,11,"flat",NA,2021-01-24,"Jan",4.16666666666667,4.16666666666667,0,0,1,"Winter"
"Stillwater Cove","Ref",2021,1,24,"Cloudy",0.4572,14:17:00,0.67,1.16,37,3,40,11:45:00,NA,1.68,0.3,10,"boulder",NA,NA,40,0.2,11,"flat",NA,2021-01-24,"Jan",4.16666666666667,12.5,0,0,1,"Winter"
"Stillwater Cove","Ref",2021,1,24,"Cloudy",0.4572,14:17:00,0.67,1.16,37,4,60,11:45:00,NA,1.52,0.61,10,"bedrock","egregia",NA,30,0.2,11,"flat",NA,2021-01-24,"Jan",0,12.5,0,12.5,1,"Winter"
"Stillwater Cove","Ref",2021,1,24,"Cloudy",0.4572,14:17:00,0.67,1.16,37,5,30,11:45:00,NA,1.52,0.61,10,"bedrock",NA,NA,20,0.2,11,"flat",NA,2021-01-24,"Jan",19.4444444444444,8.33333333333333,0,4.16666666666667,1,"Winter"
"Stillwater Cove","Ref",2021,1,24,"Cloudy",0.4572,14:17:00,0.67,1.16,37,6,30,11:50:00,NA,1.52,0.3,10,"bedrock",NA,NA,30,0.2,11,"flat",NA,2021-01-24,"Jan",29.1666666666667,20.8333333333333,0,4.16666666666667,1,"Winter"
"Point Lobos","MPA",2021,2,24,"Clear",-0.2134,14:57:00,1.65,2.01,37,1,0,14:30:00,NA,1.83,1.07,7,"sand","macro",NA,10,1.6,8,"flat",NA,2021-02-24,"Feb",0,8.33333333333333,0,8.33333333333333,2,"Winter"
"Point Lobos","MPA",2021,2,24,"Clear",-0.2134,14:57:00,1.65,2.01,37,2,50,14:36:00,NA,1.83,0.91,7,"sand","macro",NA,8,1.6,8,"flat",NA,2021-02-24,"Feb",8.33333333333333,61.1111111111111,0,0,2,"Winter"
"Point Lobos","MPA",2021,2,24,"Clear",-0.2134,14:57:00,1.65,2.01,37,3,50,14:39:00,NA,1.98,1.22,7,"cobble","drift",NA,5,1.6,8,"flat",NA,2021-02-24,"Feb",83.3333333333333,20.8333333333333,0,0,2,"Winter"
"Point Lobos","MPA",2021,2,24,"Clear",-0.2134,14:57:00,1.65,2.01,37,4,50,14:43:00,NA,1.52,0.91,7,"bedrock","drift","moon jelly",5,1.6,8,"flat",NA,2021-02-24,"Feb",4.16666666666667,6.25,0,0,2,"Winter"
"Point Lobos","MPA",2021,2,24,"Clear",-0.2134,14:57:00,1.65,2.01,37,5,50,14:49:00,NA,1.98,0.91,7,"cobble","drift",NA,15,1.6,8,"flat",NA,2021-02-24,"Feb",6.25,10.4166666666667,0,0,2,"Winter"
"Point Lobos","MPA",2021,2,24,"Clear",-0.2134,14:57:00,1.65,2.01,37,6,50,14:55:00,NA,1.37,0.91,7,"bedrock","drift",NA,20,1.6,8,"flat",NA,2021-02-24,"Feb",8.33333333333333,27.0833333333333,0,0,2,"Winter"
"Spanish Bay","MPA",2021,3,14,"Cloudy",0.762,17:58:00,2.64,3.84,36,1,0,14:55:00,NA,1.22,4.57,10,"sand",NA,NA,110,0.2,18,"flat",NA,2021-03-14,"Mar",0,0,0,0,3,"Spring"
"Spanish Bay","MPA",2021,3,14,"Cloudy",0.762,17:58:00,2.64,3.84,36,2,50,14:56:00,NA,1.22,4.57,10,"sand",NA,NA,110,0.2,18,"crest",NA,2021-03-14,"Mar",0,4.16666666666667,0,0,3,"Spring"
"Spanish Bay","MPA",2021,3,14,"Cloudy",0.762,17:58:00,2.64,3.84,36,3,50,15:05:00,NA,1.83,4.57,10,"sand",NA,NA,60,0.2,18,"flat",NA,2021-03-14,"Mar",0,0,0,6.25,3,"Spring"
"Spanish Bay","MPA",2021,3,14,"Cloudy",0.762,17:58:00,2.64,3.84,36,4,50,15:05:00,NA,1.52,4.57,10,"sand",NA,NA,60,0.2,18,"flat",NA,2021-03-14,"Mar",0,8.33333333333333,0,0,3,"Spring"
"Spanish Bay","MPA",2021,3,14,"Cloudy",0.762,17:58:00,2.64,3.84,36,5,30,15:20:00,NA,1.83,4.57,10,"sand",NA,NA,60,0.2,18,"flat",NA,2021-03-14,"Mar",4.16666666666667,10.4166666666667,0,6.25,3,"Spring"
"Spanish Bay","MPA",2021,3,14,"Cloudy",0.762,17:58:00,2.64,3.84,36,6,70,15:21:00,NA,1.22,4.57,10,"sand",NA,NA,100,0.2,18,"flat",NA,2021-03-14,"Mar",0,0,0,4.16666666666667,3,"Spring"
"Carmel","Ref",2021,3,1,"Clear",0.6706,17:46:00,5.9,7.15,35,1,0,14:40:00,15:30:00,1.68,3.05,7,"sand",NA,"sand crab",90,1.5,13,"flat",NA,2021-03-01,"Feb",0,0,0,0,2,"Winter"
"Carmel","Ref",2021,3,1,"Clear",0.6706,17:46:00,5.9,7.15,35,2,50,14:40:00,NA,1.52,3.05,7,"sand",NA,NA,100,1.5,13,"flat",NA,2021-03-01,"Feb",0,0,0,0,2,"Winter"
"Carmel","Ref",2021,3,1,"Clear",0.6706,17:46:00,5.9,7.15,35,3,50,14:35:00,NA,1.68,3.05,7,"sand","nereo",NA,110,1.5,13,"trough",NA,2021-03-01,"Feb",0,0,0,0,2,"Winter"
"Carmel","Ref",2021,3,1,"Clear",0.6706,17:46:00,5.9,7.15,35,4,50,14:35:00,NA,1.83,3.05,7,"sand",NA,"smelt",100,1.5,13,"flat",NA,2021-03-01,"Feb",0,0,0,0,2,"Winter"
"Carmel","Ref",2021,3,1,"Clear",0.6706,17:46:00,5.9,7.15,35,5,50,14:45:00,NA,1.52,3.05,7,"sand",NA,NA,110,1.5,13,"flat",NA,2021-03-01,"Feb",0,4.16666666666667,0,0,2,"Winter"
"Carmel","Ref",2021,3,1,"Clear",0.6706,17:46:00,5.9,7.15,35,6,50,14:45:00,NA,2.13,0.91,7,"sand",NA,NA,90,1.5,13,"trough",NA,2021-03-01,"Feb",0,0,0,0,2,"Winter"
"Spanish Bay","MPA",2021,4,24,"Clear",0.1524,14:23:00,4.2,5.54,33,1,0,14:40:00,NA,1.52,1.52,8,"sand","egregia","sand crab",110,1.8,10,"crest",NA,2021-04-24,"Apr",0,0,0,0,4,"Spring"
"Spanish Bay","MPA",2021,4,24,"Clear",0.1524,14:23:00,4.2,5.54,33,2,40,14:40:00,NA,1.52,1.52,8,"sand",NA,NA,120,1.8,10,"trough",NA,2021-04-24,"Apr",0,0,0,0,4,"Spring"
"Spanish Bay","MPA",2021,4,24,"Clear",0.1524,14:23:00,4.2,5.54,33,3,50,14:55:00,NA,1.68,1.52,8,"sand",NA,NA,60,1.8,10,"trough",NA,2021-04-24,"Apr",95.8333333333333,0,0,4.16666666666667,4,"Spring"
"Spanish Bay","MPA",2021,4,24,"Clear",0.1524,14:23:00,4.2,5.54,33,4,50,14:55:00,NA,1.52,1.52,8,"sand",NA,NA,120,1.8,10,"flat",NA,2021-04-24,"Apr",0,4.16666666666667,0,0,4,"Spring"
"Spanish Bay","MPA",2021,4,24,"Clear",0.1524,14:23:00,4.2,5.54,33,5,50,15:02:00,NA,1.52,3.05,8,"sand",NA,NA,120,1.8,10,"trough",NA,2021-04-24,"Apr",0,0,0,0,4,"Spring"
"Spanish Bay","MPA",2021,4,24,"Clear",0.1524,14:23:00,4.2,5.54,33,6,50,15:02:00,NA,1.52,3.05,8,"sand",NA,NA,120,1.8,10,"trough",NA,2021-04-24,"Apr",0,4.16666666666667,0,0,4,"Spring"
"Carmel","Ref",2021,3,17,"Clear",0.2743,07:49:00,0.58,0.76,36,1,0,08:45:00,NA,1.52,3.05,8,"sand",NA,NA,100,1.8,13,"flat",NA,2021-03-17,"Mar",0,6.25,0,0,3,"Spring"
"Carmel","Ref",2021,3,17,"Clear",0.2743,07:49:00,0.58,0.76,36,2,30,08:50:00,NA,1.22,3.05,8,"sand",NA,NA,100,1.8,13,"flat",NA,2021-03-17,"Mar",4.16666666666667,11.1111111111111,0,4.16666666666667,3,"Spring"
"Carmel","Ref",2021,3,17,"Clear",0.2743,07:49:00,0.58,0.76,36,3,100,09:05:00,NA,1.52,3.05,8,"sand",NA,NA,90,1.8,13,"trough",NA,2021-03-17,"Mar",0,4.16666666666667,0,0,3,"Spring"
"Carmel","Ref",2021,3,17,"Clear",0.2743,07:49:00,0.58,0.76,36,4,50,09:05:00,NA,1.22,3.05,8,"sand",NA,NA,70,1.8,13,"flat",NA,2021-03-17,"Mar",0,0,0,0,3,"Spring"
"Carmel","Ref",2021,3,17,"Clear",0.2743,07:49:00,0.58,0.76,36,5,50,09:15:00,NA,1.52,3.05,8,"sand",NA,NA,80,1.8,13,"flat",NA,2021-03-17,"Mar",0,4.16666666666667,0,0,3,"Spring"
"Carmel","Ref",2021,3,17,"Clear",0.2743,07:49:00,0.58,0.76,36,6,50,09:15:00,NA,1.22,3.05,8,"sand",NA,NA,70,1.8,13,"flat",NA,2021-03-17,"Mar",0,0,0,0,3,"Spring"
"Point Lobos","MPA",2021,3,24,"Clear",-0.1219,13:39:00,0.04,0.13,36,1,0,14:47:00,NA,1.83,1.83,7.5,"sand",NA,NA,10,0.3,6,"trough",NA,2021-03-24,"Mar",4.16666666666667,4.16666666666667,0,0,3,"Spring"
"Point Lobos","MPA",2021,3,24,"Clear",-0.1219,13:39:00,0.04,0.13,36,2,30,14:52:00,NA,2.13,1.52,7.5,"sand","ulva",NA,10,0.3,6,"flat",NA,2021-03-24,"Mar",26.3888888888889,22.2222222222222,0,0,3,"Spring"
"Point Lobos","MPA",2021,3,24,"Clear",-0.1219,13:39:00,0.04,0.13,36,3,60,14:57:00,NA,1.22,0.3,7.5,"bedrock","pterry",NA,10,0.3,6,"flat",NA,2021-03-24,"Mar",41.6666666666667,37.5,0,0,3,"Spring"
"Point Lobos","MPA",2021,3,24,"Clear",-0.1219,13:39:00,0.04,0.13,36,4,30,16:00:00,NA,0.91,0.3,7.5,"sand","phyllospadix",NA,10,0.3,6,"flat",NA,2021-03-24,"Mar",0,30.5555555555556,0,0,3,"Spring"
"Point Lobos","MPA",2021,3,24,"Clear",-0.1219,13:39:00,0.04,0.13,36,5,100,16:07:00,NA,1.52,0.91,7.5,"sand",NA,NA,10,0.3,6,"flat",NA,2021-03-24,"Mar",4.16666666666667,5.55555555555556,0,0,3,"Spring"
"Point Lobos","MPA",2021,3,24,"Clear",-0.1219,13:39:00,0.04,0.13,36,6,50,15:12:00,NA,1.52,0.3,7.5,"sand","ulva",NA,10,0.3,6,"flat",NA,2021-03-24,"Mar",0,100,0,0,3,"Spring"
"Stillwater Cove","Ref",2021,2,22,"Clear",-0.0305,13:43:00,1.43,3.17,35,1,-50,13:45:00,NA,1.52,2.13,9,"sand",NA,NA,100,0.2,9,"flat",NA,2021-02-22,"Feb",0,0,0,0,2,"Winter"
"Stillwater Cove","Ref",2021,2,22,"Clear",-0.0305,13:43:00,1.43,3.17,35,2,0,13:45:00,NA,1.52,2.13,9,"sand","egregia",NA,90,0.2,9,"flat",NA,2021-02-22,"Feb",0,4.16666666666667,0,0,2,"Winter"
"Stillwater Cove","Ref",2021,2,22,"Clear",-0.0305,13:43:00,1.43,3.17,35,3,30,13:55:00,NA,1.52,0.61,9,"sand","phyllospadix",NA,100,0.2,9,"flat",NA,2021-02-22,"Feb",29.1666666666667,31.25,0,0,2,"Winter"
"Stillwater Cove","Ref",2021,2,22,"Clear",-0.0305,13:43:00,1.43,3.17,35,4,30,13:55:00,NA,1.22,0.61,9,"bedrock",NA,NA,90,0.2,9,"flat",NA,2021-02-22,"Feb",16.6666666666667,36.1111111111111,0,25,2,"Winter"
"Stillwater Cove","Ref",2021,2,22,"Clear",-0.0305,13:43:00,1.43,3.17,35,5,70,14:05:00,NA,1.52,0.3,9,"sand",NA,NA,100,0.2,9,"flat",NA,2021-02-22,"Feb",8.33333333333333,4.16666666666667,0,8.33333333333333,2,"Winter"
"Stillwater Cove","Ref",2021,2,22,"Clear",-0.0305,13:43:00,1.43,3.17,35,6,30,14:05:00,NA,1.52,0.3,9,"sand","phyllospadix",NA,80,0.2,9,"hole",NA,2021-02-22,"Feb",0,22.2222222222222,0,6.25,2,"Winter"
"Stillwater Cove","Ref",2021,5,18,"Cloudy",0.3048,07:49:00,7,NA,33,1,-50,09:40:00,NA,1.37,0.91,8,"sand",NA,NA,50,0.1,7,"flat","other side of the pier",2021-05-18,"May",0,54.1666666666667,4.16666666666667,0,5,"Spring"
"Stillwater Cove","Ref",2021,5,18,"Cloudy",0.3048,07:49:00,7,NA,33,2,0,09:45:00,NA,1.52,0.61,8,"sand",NA,NA,40,0.1,7,"flat",NA,2021-05-18,"May",0,0,0,0,5,"Spring"
"Stillwater Cove","Ref",2021,5,18,"Cloudy",0.3048,07:49:00,7,NA,33,3,30,09:53:00,NA,1.52,0.61,8,"bedrock","egregia",NA,30,0.1,7,"slope",NA,2021-05-18,"May",0,33.3333333333333,8.33333333333333,0,5,"Spring"
"Stillwater Cove","Ref",2021,5,18,"Cloudy",0.3048,07:49:00,7,NA,33,4,30,10:00:00,NA,0.91,0.15,8,"sand","drift",NA,20,0.1,7,"flat",NA,2021-05-18,"May",0,12.5,4.16666666666667,0,5,"Spring"
"Stillwater Cove","Ref",2021,5,18,"Cloudy",0.3048,07:49:00,7,NA,33,5,100,10:15:00,NA,1.22,0.3,8,"cobble","drift",NA,15,0.1,7,"flat",NA,2021-05-18,"May",64.5833333333333,100,62.5,4.16666666666667,5,"Spring"
"Stillwater Cove","Ref",2021,5,18,"Cloudy",0.3048,07:49:00,7,NA,33,6,NA,10:15:00,NA,1.22,0.3,8,"sand",NA,NA,20,0.1,7,"flat",NA,2021-05-18,"May",0,45.8333333333333,20.8333333333333,0,5,"Spring"
"Carmel","Ref",2021,4,17,"Partly cloudy",0.0914,09:05:00,4,NA,33,1,0,09:51:00,NA,1.68,1.52,8,"sand",NA,NA,NA,2,10,"flat",NA,2021-04-17,"Apr",58.3333333333333,0,0,0,4,"Spring"
"Carmel","Ref",2021,4,17,"Partly cloudy",0.0914,09:05:00,4,NA,33,2,40,09:52:00,NA,1.52,1.52,8,"sand","drift",NA,NA,2,10,"flat",NA,2021-04-17,"Apr",0,16.6666666666667,0,0,4,"Spring"
"Carmel","Ref",2021,4,17,"Partly cloudy",0.0914,09:05:00,4,NA,33,3,100,10:04:00,NA,1.52,1.83,8,"sand","green",NA,NA,2,10,"flat",NA,2021-04-17,"Apr",12.5,0,0,0,4,"Spring"
"Carmel","Ref",2021,4,17,"Partly cloudy",0.0914,09:05:00,4,NA,33,4,50,10:05:00,NA,1.52,1.52,8,"sand","drift",NA,NA,2,10,"flat",NA,2021-04-17,"Apr",0,12.5,0,0,4,"Spring"
"Carmel","Ref",2021,4,17,"Partly cloudy",0.0914,09:05:00,4,NA,33,5,50,10:15:00,NA,1.83,2.13,8,"sand",NA,NA,NA,2,10,"flat",NA,2021-04-17,"Apr",0,0,0,0,4,"Spring"
"Carmel","Ref",2021,4,17,"Partly cloudy",0.0914,09:05:00,4,NA,33,6,50,10:16:00,NA,1.52,1.52,8,"sand","drift",NA,NA,2,10,"flat",NA,2021-04-17,"Apr",0,0,0,0,4,"Spring"
"Point Lobos","MPA",2021,4,30,"Clear",-0.3658,08:02:00,2.46,3.22,36,1,0,08:50:00,NA,1.52,1.22,9,"sand","pterry",NA,10,0.2,8,"flat",NA,2021-04-30,"Apr",13.8888888888889,27.0833333333333,0,4.16666666666667,4,"Spring"
"Point Lobos","MPA",2021,4,30,"Clear",-0.3658,08:02:00,2.46,3.22,36,2,60,08:50:00,NA,1.52,1.52,9,"bedrock","red",NA,10,0.2,8,"flat",NA,2021-04-30,"Apr",6.25,12.5,0,0,4,"Spring"
"Point Lobos","MPA",2021,4,30,"Clear",-0.3658,08:02:00,2.46,3.22,36,3,30,08:57:00,NA,1.52,1.52,9,"bedrock",NA,NA,10,0.2,8,"flat",NA,2021-04-30,"Apr",4.16666666666667,40.2777777777778,0,0,4,"Spring"
"Point Lobos","MPA",2021,4,30,"Clear",-0.3658,08:02:00,2.46,3.22,36,4,30,08:57:00,NA,1.52,1.52,9,"sand","phyllospadix",NA,10,0.2,8,"flat",NA,2021-04-30,"Apr",18.75,30.5555555555556,0,4.16666666666667,4,"Spring"
"Point Lobos","MPA",2021,4,30,"Clear",-0.3658,08:02:00,2.46,3.22,36,5,30,09:08:00,NA,1.52,1.52,9,"bedrock",NA,NA,10,0.2,8,"flat",NA,2021-04-30,"Apr",16.6666666666667,14.5833333333333,4.16666666666667,0,4,"Spring"
"Point Lobos","MPA",2021,4,30,"Clear",-0.3658,08:02:00,2.46,3.22,36,6,30,09:08:00,NA,1.22,0.61,9,"bedrock","drift",NA,10,0.2,8,"flat",NA,2021-04-30,"Apr",98.6111111111111,0,0,4.16666666666667,4,"Spring"
"Stillwater Cove","Ref",2021,3,28,"Clear",0.5182,16:58:00,1.74,3.26,36,1,0,14:20:00,NA,1.52,2.13,9,"sand","drift",NA,50,0.1,7,"flat",NA,2021-03-28,"Mar",0,0,0,4.16666666666667,3,"Spring"
"Stillwater Cove","Ref",2021,3,28,"Clear",0.5182,16:58:00,1.74,3.26,36,2,50,14:25:00,NA,1.52,2.13,9,"sand","drift",NA,40,0.1,7,"flat",NA,2021-03-28,"Mar",0,4.16666666666667,0,4.16666666666667,3,"Spring"
"Stillwater Cove","Ref",2021,3,28,"Clear",0.5182,16:58:00,1.74,3.26,36,3,50,14:30:00,NA,1.22,0.91,9,"sand","red",NA,35,0.1,7,"flat",NA,2021-03-28,"Mar",8.33333333333333,0,0,8.33333333333333,3,"Spring"
"Stillwater Cove","Ref",2021,3,28,"Clear",0.5182,16:58:00,1.74,3.26,36,4,50,14:39:00,NA,1.22,0.91,9,"bedrock","red","fish",30,0.1,7,"flat",NA,2021-03-28,"Mar",34.7222222222222,20.8333333333333,4.16666666666667,0,3,"Spring"
"Stillwater Cove","Ref",2021,3,28,"Clear",0.5182,16:58:00,1.74,3.26,36,5,50,14:48:00,NA,1.52,1.52,9,"sand","drift",NA,5,0.1,7,"flat",NA,2021-03-28,"Mar",37.5,47.2222222222222,0,4.16666666666667,3,"Spring"
"Stillwater Cove","Ref",2021,3,28,"Clear",0.5182,16:58:00,1.74,3.26,36,6,50,14:54:00,NA,1.22,1.52,9,"sand","pterry","round stingray",20,0.1,7,"flat",NA,2021-03-28,"Mar",0,58.3333333333333,0,0,3,"Spring"
"Point Lobos","MPA",2021,5,29,"Misting",-0.3962,06:53:00,0.98,1.3,36,1,0,08:50:00,NA,1.22,3.05,8.5,"sand",NA,NA,5,NA,NA,"flat",NA,2021-05-29,"May",8.33333333333333,29.1666666666667,0,4.16666666666667,5,"Spring"
"Point Lobos","MPA",2021,5,29,"Misting",-0.3962,06:53:00,0.98,1.3,36,2,50,08:53:00,NA,1.22,3.05,8.5,"sand",NA,NA,5,NA,NA,"flat",NA,2021-05-29,"May",4.16666666666667,4.16666666666667,8.33333333333333,0,5,"Spring"
"Point Lobos","MPA",2021,5,29,"Misting",-0.3962,06:53:00,0.98,1.3,36,3,50,08:53:00,NA,1.52,1.52,8.5,"sand",NA,NA,5,NA,NA,"flat",NA,2021-05-29,"May",0,4.16666666666667,0,4.16666666666667,5,"Spring"
"Point Lobos","MPA",2021,5,29,"Misting",-0.3962,06:53:00,0.98,1.3,36,4,25,09:00:00,NA,0.91,1.52,8.5,"sand","phyllospadix",NA,5,NA,NA,"flat",NA,2021-05-29,"May",6.94444444444444,0,0,25,5,"Spring"
"Point Lobos","MPA",2021,5,29,"Misting",-0.3962,06:53:00,0.98,1.3,36,5,50,09:03:00,NA,1.22,1.22,8.5,"sand","egregia",NA,5,NA,NA,"flat",NA,2021-05-29,"May",0,4.16666666666667,0,4.16666666666667,5,"Spring"
"Point Lobos","MPA",2021,5,29,"Misting",-0.3962,06:53:00,0.98,1.3,36,6,50,09:06:00,NA,0.91,0.61,8.5,"sand",NA,NA,5,NA,NA,"flat",NA,2021-05-29,"May",5.55555555555556,15.2777777777778,0,9.72222222222222,5,"Spring"
"Stillwater Cove","Ref",2021,4,28,"Clear",0.1829,06:09:00,1.79,2.37,32,1,-50,08:40:00,NA,0.91,0.91,8.5,"sand",NA,NA,60,0.1,4,"flat",NA,2021-04-28,"Apr",0,0,0,0,4,"Spring"
"Stillwater Cove","Ref",2021,4,28,"Clear",0.1829,06:09:00,1.79,2.37,32,2,0,08:40:00,NA,0.91,0.91,8.5,"sand",NA,NA,60,0.1,4,"flat",NA,2021-04-28,"Apr",12.5,8.33333333333333,0,4.16666666666667,4,"Spring"
"Stillwater Cove","Ref",2021,4,28,"Clear",0.1829,06:09:00,1.79,2.37,32,3,30,09:00:00,NA,0.91,0.61,8.5,"sand","pterry",NA,50,0.1,4,"flat",NA,2021-04-28,"Apr",0,27.7777777777778,4.16666666666667,4.16666666666667,4,"Spring"
"Stillwater Cove","Ref",2021,4,28,"Clear",0.1829,06:09:00,1.79,2.37,32,4,30,09:00:00,NA,1.22,0.61,8.5,"bedrock",NA,NA,40,0.1,4,"flat",NA,2021-04-28,"Apr",15.2777777777778,8.33333333333333,16.6666666666667,4.16666666666667,4,"Spring"
"Stillwater Cove","Ref",2021,4,28,"Clear",0.1829,06:09:00,1.79,2.37,32,5,100,09:11:00,NA,0.91,0.61,8.5,"sand",NA,NA,30,0.1,4,"flat",NA,2021-04-28,"Apr",8.33333333333333,14.5833333333333,8.33333333333333,6.25,4,"Spring"
"Stillwater Cove","Ref",2021,4,28,"Clear",0.1829,06:09:00,1.79,2.37,32,6,40,09:11:00,NA,0.91,0.61,8.5,"sand",NA,NA,30,0.1,4,"flat",NA,2021-04-28,"Apr",12.5,27.7777777777778,43.75,0,4,"Spring"
"Point Lobos","MPA",2021,6,15,"Clear",-0.1219,08:11:00,4.29,5.32,35,1,NA,08:55:00,NA,1.83,2.44,8,"sand","drift",NA,10,0.2,12,"flat",NA,2021-06-15,"Jun",25,51.3888888888889,0,0,6,"Summer"
"Point Lobos","MPA",2021,6,15,"Clear",-0.1219,08:11:00,4.29,5.32,35,2,NA,08:55:00,NA,1.52,1.52,8,"sand","drift",NA,10,0.2,12,"flat",NA,2021-06-15,"Jun",8.33333333333333,33.3333333333333,4.16666666666667,0,6,"Summer"
"Point Lobos","MPA",2021,6,15,"Clear",-0.1219,08:11:00,4.29,5.32,35,3,NA,09:00:00,NA,1.83,0.91,8,"sand","drift",NA,10,0.2,12,"flat",NA,2021-06-15,"Jun",51.3888888888889,45.8333333333333,0,4.16666666666667,6,"Summer"
"Point Lobos","MPA",2021,6,15,"Clear",-0.1219,08:11:00,4.29,5.32,35,4,NA,09:00:00,NA,1.83,2.44,8,"sand",NA,NA,10,0.2,12,"flat",NA,2021-06-15,"Jun",4.16666666666667,12.5,0,4.16666666666667,6,"Summer"
"Point Lobos","MPA",2021,6,15,"Clear",-0.1219,08:11:00,4.29,5.32,35,5,NA,09:05:00,NA,1.83,2.44,8,"bedrock","drift",NA,10,0.2,12,"flat",NA,2021-06-15,"Jun",0,100,0,0,6,"Summer"
"Point Lobos","MPA",2021,6,15,"Clear",-0.1219,08:11:00,4.29,5.32,35,6,NA,09:05:00,NA,1.52,2.44,8,"bedrock",NA,NA,10,0.2,12,"flat",NA,2021-06-15,"Jun",6.25,22.2222222222222,4.16666666666667,0,6,"Summer"
"Carmel","Ref",2021,5,23,"Partly cloudy",0.3048,13:30:00,4.47,5.45,35,1,0,14:30:00,NA,1.52,4.57,9,"sand",NA,NA,100,1.8,12,"flat",NA,2021-05-23,"May",0,0,0,0,5,"Spring"
"Carmel","Ref",2021,5,23,"Partly cloudy",0.3048,13:30:00,4.47,5.45,35,2,50,14:03:00,NA,1.52,4.57,9,"sand",NA,NA,90,1.8,12,"flat",NA,2021-05-23,"May",0,4.16666666666667,0,0,5,"Spring"
"Carmel","Ref",2021,5,23,"Partly cloudy",0.3048,13:30:00,4.47,5.45,35,3,100,14:38:00,NA,1.52,4.57,9,"sand",NA,NA,80,1.8,12,"flat",NA,2021-05-23,"May",0,0,0,0,5,"Spring"
"Carmel","Ref",2021,5,23,"Partly cloudy",0.3048,13:30:00,4.47,5.45,35,4,50,14:42:00,NA,1.83,4.57,9,"sand",NA,NA,80,1.8,12,"flat",NA,2021-05-23,"May",0,0,0,0,5,"Spring"
"Carmel","Ref",2021,5,23,"Partly cloudy",0.3048,13:30:00,4.47,5.45,35,5,50,14:48:00,NA,1.83,4.57,9,"sand",NA,NA,70,1.8,12,"flat",NA,2021-05-23,"May",0,0,0,0,5,"Spring"
"Carmel","Ref",2021,5,23,"Partly cloudy",0.3048,13:30:00,4.47,5.45,35,6,50,14:51:00,NA,1.83,4.57,9,"sand",NA,NA,70,1.8,12,"flat",NA,2021-05-23,"May",0,0,0,0,5,"Spring"
"Carmel","Ref",2021,6,10,"Clear",0.9754,15:05:00,4.47,5.41,34,1,0,11:26:00,NA,0.91,3.05,8,"sand",NA,NA,50,NA,NA,"flat",NA,2021-06-10,"Jun",4.16666666666667,4.16666666666667,0,0,6,"Summer"
"Carmel","Ref",2021,6,10,"Clear",0.9754,15:05:00,4.47,5.41,34,2,50,11:26:00,NA,1.52,3.05,8,"sand",NA,NA,60,NA,NA,"flat",NA,2021-06-10,"Jun",0,0,0,0,6,"Summer"
"Carmel","Ref",2021,6,10,"Clear",0.9754,15:05:00,4.47,5.41,34,3,70,11:40:00,NA,0.91,1.52,8,"sand",NA,NA,50,NA,NA,"flat",NA,2021-06-10,"Jun",4.16666666666667,0,0,4.16666666666667,6,"Summer"
"Carmel","Ref",2021,6,10,"Clear",0.9754,15:05:00,4.47,5.41,34,4,40,11:40:00,NA,1.68,3.05,8,"sand",NA,NA,60,NA,NA,"flat",NA,2021-06-10,"Jun",0,0,0,0,6,"Summer"
"Carmel","Ref",2021,6,10,"Clear",0.9754,15:05:00,4.47,5.41,34,5,50,11:50:00,NA,0.91,0.91,8,"sand","cysto",NA,50,NA,NA,"flat",NA,2021-06-10,"Jun",4.16666666666667,10.4166666666667,0,4.16666666666667,6,"Summer"
"Carmel","Ref",2021,6,10,"Clear",0.9754,15:05:00,4.47,5.41,34,6,50,11:50:00,NA,0.91,0.91,8,"sand","dysmo",NA,60,NA,NA,"flat",NA,2021-06-10,"Jun",0,4.16666666666667,0,0,6,"Summer"
"Spanish Bay","MPA",2021,5,24,"Partly cloudy",0.5486,14:10:00,3.89,4.43,35,1,0,13:15:00,NA,1.83,0.61,8.5,"sand","desma",NA,80,2,8,"flat",NA,2021-05-24,"May",4.16666666666667,100,0,20.8333333333333,5,"Spring"
"Spanish Bay","MPA",2021,5,24,"Partly cloudy",0.5486,14:10:00,3.89,4.43,35,2,40,13:15:00,NA,1.98,1.52,8.5,"sand","drift",NA,80,2,8,"flat",NA,2021-05-24,"May",4.16666666666667,4.16666666666667,0,11.1111111111111,5,"Spring"
"Spanish Bay","MPA",2021,5,24,"Partly cloudy",0.5486,14:10:00,3.89,4.43,35,3,30,13:25:00,NA,1.83,1.22,8.5,"sand","drift",NA,90,2,8,"flat",NA,2021-05-24,"May",12.5,11.1111111111111,0,12.5,5,"Spring"
"Spanish Bay","MPA",2021,5,24,"Partly cloudy",0.5486,14:10:00,3.89,4.43,35,4,40,13:28:00,NA,2.13,0.91,8.5,"sand","drift",NA,90,2,8,"flat",NA,2021-05-24,"May",41.6666666666667,12.5,0,13.8888888888889,5,"Spring"
"Spanish Bay","MPA",2021,5,24,"Partly cloudy",0.5486,14:10:00,3.89,4.43,35,5,NA,NA,NA,2.13,0.91,8.5,"sand",NA,NA,90,2,8,"flat",NA,2021-05-24,"May",9.72222222222222,12.5,0,26.3888888888889,5,"Spring"
"Spanish Bay","MPA",2021,5,24,"Partly cloudy",0.5486,14:10:00,3.89,4.43,35,6,40,15:30:00,NA,1.83,0.91,8.5,"sand","drift",NA,60,2,8,"flat",NA,2021-05-24,"May",14.5833333333333,20.8333333333333,0,83.3333333333333,5,"Spring"
"Stillwater Cove","Ref",2021,6,14,"Foggy",-0.1829,07:29:00,0.98,1.52,35,1,0,08:41:00,NA,1.22,0.3,9,"sand",NA,NA,40,0.1,11,"flat",NA,2021-06-14,"Jun",0,0,4.16666666666667,0,6,"Summer"
"Stillwater Cove","Ref",2021,6,14,"Foggy",-0.1829,07:29:00,0.98,1.52,35,2,50,08:46:00,NA,1.52,0.3,9,"sand",NA,NA,30,0.1,11,"flat",NA,2021-06-14,"Jun",0,25,0,0,6,"Summer"
"Stillwater Cove","Ref",2021,6,14,"Foggy",-0.1829,07:29:00,0.98,1.52,35,3,30,08:50:00,NA,1.52,0.3,9,"sand",NA,NA,30,0.1,11,"flat",NA,2021-06-14,"Jun",0,0,100,0,6,"Summer"
"Stillwater Cove","Ref",2021,6,14,"Foggy",-0.1829,07:29:00,0.98,1.52,35,4,40,08:55:00,NA,1.52,0.3,9,"sand","egregia",NA,30,0.1,11,"flat",NA,2021-06-14,"Jun",0,100,0,0,6,"Summer"
"Stillwater Cove","Ref",2021,6,14,"Foggy",-0.1829,07:29:00,0.98,1.52,35,5,100,09:01:00,NA,1.52,0.3,9,"bedrock",NA,NA,20,0.1,11,"flat",NA,2021-06-14,"Jun",22.9166666666667,51.3888888888889,23.6111111111111,8.33333333333333,6,"Summer"
"Stillwater Cove","Ref",2021,6,14,"Foggy",-0.1829,07:29:00,0.98,1.52,35,6,50,09:05:00,NA,0.91,0.3,9,"bedrock",NA,NA,20,0.1,11,"flat",NA,2021-06-14,"Jun",100,0,47.9166666666667,0,6,"Summer"
"Spanish Bay","MPA",2021,6,11,"Clear",0.4267,05:35:00,2.19,2.55,35,1,0,09:40:00,NA,1.22,3.05,8,"sand",NA,NA,90,NA,NA,"flat",NA,2021-06-11,"Jun",0,0,0,4.16666666666667,6,"Summer"
"Spanish Bay","MPA",2021,6,11,"Clear",0.4267,05:35:00,2.19,2.55,35,2,50,09:40:00,NA,1.22,1.52,8,"sand",NA,NA,80,NA,NA,"flat",NA,2021-06-11,"Jun",8.33333333333333,4.16666666666667,0,0,6,"Summer"
"Spanish Bay","MPA",2021,6,11,"Clear",0.4267,05:35:00,2.19,2.55,35,3,50,09:50:00,NA,1.22,1.52,8,"sand",NA,NA,70,NA,NA,"flat",NA,2021-06-11,"Jun",0,0,0,0,6,"Summer"
"Spanish Bay","MPA",2021,6,11,"Clear",0.4267,05:35:00,2.19,2.55,35,4,50,09:50:00,NA,1.22,0.3,8,"sand",NA,NA,60,NA,NA,"flat",NA,2021-06-11,"Jun",0,0,0,0,6,"Summer"
"Spanish Bay","MPA",2021,6,11,"Clear",0.4267,05:35:00,2.19,2.55,35,5,50,10:00:00,NA,1.52,3.05,8,"sand",NA,NA,90,NA,NA,"flat",NA,2021-06-11,"Jun",0,0,0,0,6,"Summer"
"Spanish Bay","MPA",2021,6,11,"Clear",0.4267,05:35:00,2.19,2.55,35,6,50,10:00:00,NA,0.91,1.52,8,"sand",NA,NA,80,NA,NA,"flat",NA,2021-06-11,"Jun",0,0,0,0,6,"Summer"
"Carmel","Ref",2020,11,30,"Clear",0.0914,16:40:00,2.91,4.11,36,1,NA,15:10:00,NA,1.83,2.44,13,"sand",NA,NA,30,NA,NA,"trough",NA,2020-11-30,"Nov",0,12.5,0,0,11,"Fall"
"Carmel","Ref",2020,11,30,"Clear",0.0914,16:40:00,2.91,4.11,36,2,NA,15:10:00,NA,1.83,0.91,13,"sand",NA,NA,30,NA,NA,"trough",NA,2020-11-30,"Nov",4.16666666666667,0,0,8.33333333333333,11,"Fall"
"Carmel","Ref",2020,11,30,"Clear",0.0914,16:40:00,2.91,4.11,36,3,NA,15:20:00,NA,1.68,0.91,13,"sand",NA,NA,20,NA,NA,"trough",NA,2020-11-30,"Nov",0,0,0,0,11,"Fall"
"Carmel","Ref",2020,11,30,"Clear",0.0914,16:40:00,2.91,4.11,36,4,NA,15:20:00,NA,1.83,1.52,13,"sand",NA,NA,40,NA,NA,"trough",NA,2020-11-30,"Nov",0,0,0,0,11,"Fall"
"Carmel","Ref",2020,11,30,"Clear",0.0914,16:40:00,2.91,4.11,36,5,NA,15:30:00,NA,1.68,2.13,13,"sand",NA,NA,20,NA,NA,"flat",NA,2020-11-30,"Nov",0,4.16666666666667,0,0,11,"Fall"
"Carmel","Ref",2020,11,30,"Clear",0.0914,16:40:00,2.91,4.11,36,6,NA,15:30:00,NA,1.83,1.22,13,"sand",NA,NA,30,NA,NA,"trough",NA,2020-11-30,"Nov",0,0,0,0,11,"Fall"
"Spanish Bay","MPA",2020,11,11,"Cloudy",0.9706,16:31:00,1.18,1.62,39,1,0,15:00:00,16:00:00,1.66,3.05,12,"sand","drift",NA,30,NA,NA,"trough",NA,2020-11-11,"Nov",4.16666666666667,8.33333333333333,0,8.33333333333333,11,"Fall"
"Spanish Bay","MPA",2020,11,11,"Cloudy",0.9706,16:31:00,1.18,1.62,39,2,50,15:05:00,NA,1.83,3.05,12,"sand","drift",NA,40,NA,NA,"trough",NA,2020-11-11,"Nov",0,0,0,11.1111111111111,11,"Fall"
"Spanish Bay","MPA",2020,11,11,"Cloudy",0.9706,16:31:00,1.18,1.62,39,3,40,15:15:00,NA,1.83,3.05,12,"sand",NA,NA,40,NA,NA,"flat",NA,2020-11-11,"Nov",0,0,0,4.16666666666667,11,"Fall"
"Spanish Bay","MPA",2020,11,11,"Cloudy",0.9706,16:31:00,1.18,1.62,39,4,40,15:20:00,NA,2.13,3.05,12,"sand","drift",NA,50,NA,NA,"trough",NA,2020-11-11,"Nov",20.8333333333333,8.33333333333333,0,6.25,11,"Fall"
"Spanish Bay","MPA",2020,11,11,"Cloudy",0.9706,16:31:00,1.18,1.62,39,5,20,15:30:00,NA,1.83,3.05,12,"sand",NA,NA,50,NA,NA,"flat",NA,2020-11-11,"Nov",4.16666666666667,4.16666666666667,0,4.16666666666667,11,"Fall"
"Spanish Bay","MPA",2020,11,11,"Cloudy",0.9706,16:31:00,1.18,1.62,39,6,50,15:35:00,16:43:00,2.13,3.05,12,"sand","drift",NA,60,NA,NA,"trough",NA,2020-11-11,"Nov",8.33333333333333,12.5,0,22.2222222222222,11,"Fall"
